{"cameraMode":{"drawMode":0,"name":"Shaded","section":"Shading Mode"},"sceneLighting":true,"audioPlay":false,"sceneViewState":{"showFog":true,"showMaterialUpdate":false,"showSkybox":true,"showFlares":true,"showImageEffects":true,"showParticleSystems":true},"in2DMode":false,"pivot":{"x":3204.446533203125,"y":-2036.576416015625,"z":6194.0791015625},"rotation":{"x":0.1389726847410202,"y":0.21359461545944215,"z":-0.030712120234966279,"w":0.9664992094039917},"size":7934.19482421875,"orthographic":false}